RegionName,County_State,CountyName,StateFullName,Lat,Long,2010,2011,2012,2013,2014,2015,2016,2017
Los Angeles,"Los Angeles, CA",Los Angeles,California,33.973951,-118.248405,29300.25,30988.83333,20255.5,12830.41667,14852.58333,14226.66667,13148.75,10921.33333
Cook,"Cook, IL",Cook,Illinois,42.085626,-87.99822,33041.5,33883.41667,26811.33333,18170.41667,18323.25,20398.5,18891.25,17554.66667
Maricopa,"Maricopa, AZ",Maricopa,Arizona,33.703967,-112.351835,35056.91667,34729.83333,18573.83333,16829.25,21067.16667,18825.16667,19076.66667,17960.33333
San Diego,"San Diego, CA",San Diego,California,32.74081,-116.976341,14021.83333,17094.08333,11248.75,7565.083333,8402.5,6526.333333,6582,5001.5
Orange,"Orange, CA",Orange,California,33.640302,-117.769442,14325.5,15665.5,10303.75,6330.416667,7339.916667,6600.916667,6193.5,5043.666667
Kings,"Kings, NY",Kings,New York,40.694481,-73.989319,4989.833333,6102.25,4893,4427.416667,3972,3418.75,3557.583333,2805.916667
Miami-Dade,"Miami-Dade, FL",Miami-Dade,Florida,25.558428,-80.458168,28998.5,25225.16667,17038.58333,15856.83333,18739.5,15474.58333,17611.25,19011.33333
Dallas,"Dallas, TX",Dallas,Texas,32.767268,-96.777626,14210.33333,12895.75,8795.166667,6629.416667,5862.333333,4740.583333,4006.25,4468.916667
Riverside,"Riverside, CA",Riverside,California,33.752886,-116.055617,15840,17234.41667,10888.66667,7904.25,10059.16667,10463.08333,10087.08333,8009.5
San Bernardino,"San Bernardino, CA",San Bernardino,California,34.839964,-115.967051,9806.083333,10702.41667,7367.75,5394.5,7010.5,7294.333333,6678.416667,5714.666667
King,"King, WA",King,Washington,47.465495,-121.821908,12239.25,11315.83333,6461.333333,4888.833333,5215.333333,4032.833333,3633.75,2720.583333
Santa Clara,"Santa Clara, CA",Santa Clara,California,37.238842,-121.885066,4417.833333,4593.333333,2567.75,1883.083333,1789.25,1660.916667,1668.666667,1023.75
Broward,"Broward, FL",Broward,Florida,26.062416,-80.159667,26502.83333,31220,18681,13964.41667,15071.66667,12131.33333,12219.41667,11881.08333
Bexar,"Bexar, TX",Bexar,Texas,29.279376,-98.735851,12274.66667,12224.16667,8454.833333,6808.583333,6017.75,4775.583333,4913.166667,5164.166667
New York,"New York, NY",New York,New York,40.750422,-73.996328,4454.916667,6016.916667,6954.25,5804.25,5293.833333,5128.833333,5647.833333,5847.25
Philadelphia,"Philadelphia, PA",Philadelphia,Pennsylvania,40.001811,-75.11787,7337.916667,8440.166667,7056.25,6319.833333,6478.833333,5950.166667,5184.166667,4447.166667
Alameda,"Alameda, CA",Alameda,California,37.770563,-122.264779,3526.416667,3720.5,1953.333333,1316.833333,1408.083333,1346.75,1295.333333,975.1666667
Middlesex,"Middlesex, MA",Middlesex,Massachusetts,42.446396,-71.459405,5925.666667,6729.75,5655.75,3708.083333,3152,3109.75,2691.916667,2075.666667
Suffolk,"Suffolk, NY",Suffolk,New York,40.992288,-72.723496,17704.91667,20437.58333,18041.58333,13161.33333,11918.33333,12055.33333,10478.83333,8884.25
Sacramento,"Sacramento, CA",Sacramento,California,38.380456,-121.555406,4249.416667,5417.166667,3035.333333,1978.083333,2460.75,2677,2377.25,1943.75
Nassau,"Nassau, NY",Nassau,New York,40.720051,-73.706783,11719.33333,13515.33333,11754.41667,7771.166667,6895.166667,6718.666667,5816.583333,4870.916667
Palm Beach,"Palm Beach, FL",Palm Beach,Florida,26.672643,-80.070613,18290.41667,21711.83333,19567.33333,13601.75,12276.25,11901.83333,13353.41667,13766.58333
Cuyahoga,"Cuyahoga, OH",Cuyahoga,Ohio,41.456905,-81.693019,8646.166667,9281.916667,7420.333333,6591.416667,6192.75,6303.083333,5539,5253.583333
Hillsborough,"Hillsborough, FL",Hillsborough,Florida,27.764761,-82.273409,11212.33333,11332,7342.666667,6619.5,7748.416667,6865.583333,6050.916667,5217.416667
Allegheny,"Allegheny, PA",Allegheny,Pennsylvania,40.493128,-79.903121,7880.75,8244.083333,6913.166667,6597.333333,6066.333333,5793.916667,5647.916667,4985.083333
Hennepin,"Hennepin, MN",Hennepin,Minnesota,44.882838,-93.200671,7149.583333,7028.916667,4344.416667,3411.833333,4171.333333,4227.583333,3836.666667,2927.583333
Orange,"Orange, FL",Orange,Florida,28.635425,-81.488843,8806.916667,8131.75,5211.833333,4050.583333,5658.333333,6079.166667,5470.333333,4694.416667
Fairfax,"Fairfax, VA",Fairfax,Virginia,38.84479,-77.46701,3776,4025.333333,2939.25,2023,2890.5,3674.083333,3388,2803.416667
Contra Costa,"Contra Costa, CA",Contra Costa,California,37.832075,-121.916718,3637,3764.333333,1789.583333,1267.166667,1530.166667,1527.916667,1490.583333,1225.916667
Salt Lake,"Salt Lake, UT",Salt Lake,Utah,40.592045,-112.0786,5807.666667,5692.916667,3624.5,3096.75,3542.833333,2250.416667,1866.833333,1647.75
Travis,"Travis, TX",Travis,Texas,30.326374,-97.771258,7538.25,6663,4245.75,2992,2585.25,3144,3493.166667,3808.083333
Saint Louis,"Saint Louis, MO",Saint Louis,Missouri,38.638318,-90.427118,8715.75,8116.666667,6603.166667,4997.75,4410.416667,4082.416667,3881.583333,3449.166667
Pima,"Pima, AZ",Pima,Arizona,31.970131,-111.890713,5688.25,6566.416667,4921,4769.583333,5161.75,4395.666667,3474.166667,2937
Montgomery,"Montgomery, MD",Montgomery,Maryland,38.96851,-77.140801,3486.666667,3910.833333,2912.5,1931.916667,2550.083333,2891,2576.166667,2316.916667
Westchester,"Westchester, NY",Westchester,New York,41.293169,-73.759033,6252.916667,7351.916667,6386.5,5535.583333,5190.75,5096.583333,4480.166667,3807.666667
Fresno,"Fresno, CA",Fresno,California,36.247025,-120.381432,2619.5,2612.25,1374.5,1164.583333,1462.083333,1531.75,1823.25,1584.75
Shelby,"Shelby, TN",Shelby,Tennessee,35.169255,-89.990415,5486.083333,6064.25,4853,4140.416667,3282.5,2887.416667,2892.416667,2564.083333
Fulton,"Fulton, GA",Fulton,Georgia,34.112373,-84.30205,11388.16667,10963.75,7542.833333,4771.833333,5014.333333,5800.666667,5738.166667,5238.916667
Du Page,"Du Page, IL",Du Page,Illinois,41.887579,-88.022516,7426.416667,8023.083333,6325.833333,4310.25,4416.583333,5084.583333,4418.5,3707.583333
Fairfield,"Fairfield, CT",Fairfield,Connecticut,41.165097,-73.129186,6742.333333,8057.583333,7274.25,5997.333333,6259.833333,6393.166667,6371.666667,6180.083333
Pinellas,"Pinellas, FL",Pinellas,Florida,27.775654,-82.64092,12489.83333,11960.16667,8684.333333,7404,7619.25,7042.583333,6555.583333,5233.833333
Bergen,"Bergen, NJ",Bergen,New Jersey,40.820541,-73.98782,3934,4210.833333,3590.25,3117.083333,3658.916667,4701.25,4564.916667,3826.75
Wake,"Wake, NC",Wake,North Carolina,35.748012,-78.834012,9178.083333,8707.166667,5788,4636.75,4381.166667,3748.833333,3240.083333,3187.833333
Hartford,"Hartford, CT",Hartford,Connecticut,41.757944,-72.728272,4737.833333,5581.416667,5644.75,4853.333333,5261.583333,5061.75,4174,3649
Duval,"Duval, FL",Duval,Florida,30.337538,-81.768622,8781.333333,7547.5,4667.416667,3942,4735.583333,4663.916667,3888.166667,3725.583333
Prince Georges,"Prince Georges, MD",Prince Georges,Maryland,38.666071,-76.998396,4339.833333,5028.5,2849.583333,1458.25,1683.666667,1843.25,1726.333333,1726.166667
New Haven,"New Haven, CT",New Haven,Connecticut,41.342514,-73.070301,5579.916667,6258,6249.5,5317.916667,5760,5522.5,4721.583333,4105
Kern,"Kern, CA",Kern,California,35.311064,-118.659604,3257.416667,3449,1799.166667,1487.666667,2038.333333,2193.166667,2517.666667,1968.333333
Ventura,"Ventura, CA",Ventura,California,34.032383,-119.1343,3313.333333,3444.833333,1956.5,1781.25,2143.083333,1923.583333,1790.333333,1334.5
Middlesex,"Middlesex, NJ",Middlesex,New Jersey,40.582845,-74.27524,5347.5,5799,4630.166667,3560.166667,3554.5,4180.916667,3939,3216.583333
Gwinnett,"Gwinnett, GA",Gwinnett,Georgia,33.960353,-84.037859,8425,8525.333333,5181.833333,2624.083333,3241.666667,4096.75,3514.75,3059.333333
Baltimore,"Baltimore, MD",Baltimore,Maryland,39.496406,-76.486624,4056.583333,4140.5,3018.166667,2369.833333,2851,3146.583333,2887.166667,2414.25
El Paso,"El Paso, TX",El Paso,Texas,31.725097,-106.359795,4130.666667,3590.75,3579.583333,3729.833333,4001.583333,4157.166667,3631.916667,3621
Montgomery,"Montgomery, PA",Montgomery,Pennsylvania,40.382488,-75.51541,5372.916667,6068.083333,4634.833333,3950.25,3988.083333,3961.916667,3404.75,2756.333333
Worcester,"Worcester, MA",Worcester,Massachusetts,42.32916,-72.139465,5049.083333,5561.5,4879.25,3692.583333,3633.25,3427.666667,2613.666667,2075.75
Pierce,"Pierce, WA",Pierce,Washington,47.156263,-122.706706,5683.583333,5657.416667,3655.416667,3093.333333,3572.916667,3028.083333,2483.333333,1994.916667
Collin,"Collin, TX",Collin,Texas,33.208033,-96.646773,7658.166667,7379.333333,4716.666667,3560.583333,3060.25,2688.25,2504.666667,3344.75
Monroe,"Monroe, NY",Monroe,New York,43.195261,-77.855883,2614.166667,3393.416667,2886.916667,1824.583333,1763.833333,1670.416667,1646.333333,1548.833333
Essex,"Essex, MA",Essex,Massachusetts,42.647991,-71.165685,3802.833333,4246.916667,3597.416667,2628.166667,2425.916667,2284.333333,1814.75,1475.916667
Multnomah,"Multnomah, OR",Multnomah,Oregon,45.582981,-122.101103,4284.5,3860.833333,2523.166667,2109,2085,1689.166667,1519.166667,1755
Suffolk,"Suffolk, MA",Suffolk,Massachusetts,42.370567,-71.026964,2253.666667,2447.25,1744.083333,1085.083333,943.9166667,968.5,881.75,850.6666667
San Mateo,"San Mateo, CA",San Mateo,California,37.516644,-122.29339,2154.916667,2273.916667,1221.166667,813.75,719.5,592,603.5,439
Snohomish,"Snohomish, WA",Snohomish,Washington,47.840068,-122.197238,4870.5,4590.916667,2390.416667,1938.666667,2422.416667,2013.583333,1671.75,1266.416667
Lake,"Lake, IL",Lake,Illinois,42.451419,-88.075733,6474.916667,6735.5,5438.25,3688.166667,3749.5,4344.5,4162.083333,3877.75
Dekalb,"Dekalb, GA",Dekalb,Georgia,33.771704,-84.23937,6374.25,6555.333333,4145.333333,2492.916667,2834.25,3205.083333,2917.333333,2508.583333
Cobb,"Cobb, GA",Cobb,Georgia,33.912473,-84.557181,7696.75,7568.5,4801.333333,2954.5,3206.833333,3360.166667,2976.75,2817
San Joaquin,"San Joaquin, CA",San Joaquin,California,37.672196,-121.298794,2093.25,2116.666667,1233.583333,763,935.8333333,1029.166667,944.5833333,810.5833333
Will,"Will, IL",Will,Illinois,41.356872,-87.626723,4865.166667,5144.833333,3986.416667,2781.75,3018.75,3176.333333,2528.25,2021.083333
Norfolk,"Norfolk, MA",Norfolk,Massachusetts,42.076501,-71.470464,3074.083333,3679.25,3105.833333,2068.666667,1909.333333,1817.916667,1596.916667,1325.166667
Denton,"Denton, TX",Denton,Texas,33.007436,-96.895893,6144.333333,6151.333333,4124.833333,3210.583333,2924.083333,2702.916667,2429.25,2914.333333
Bernalillo,"Bernalillo, NM",Bernalillo,New Mexico,35.124363,-106.375103,4236.083333,4002.833333,2826.666667,2778.416667,3032.666667,2871.166667,2623.5,2327.583333
Jefferson,"Jefferson, AL",Jefferson,Alabama,33.578097,-86.987228,4982.666667,5822.583333,3919.666667,3543.916667,3279.916667,3337.166667,3265.416667,3126.583333
Monmouth,"Monmouth, NJ",Monmouth,New Jersey,40.358409,-74.068143,7411.166667,7795.166667,6054.333333,4617.083333,4636.583333,4915.166667,4355.833333,3635
Davidson,"Davidson, TN",Davidson,Tennessee,36.170556,-86.8825,6397.166667,6286.666667,4728.916667,3801.166667,3377.666667,1920,2024.333333,2208.833333
Bucks,"Bucks, PA",Bucks,Pennsylvania,40.328645,-75.10278,3632.666667,4020,3156.583333,2727.25,2895.833333,2867,2406.666667,1904.416667
El Paso,"El Paso, CO",El Paso,Colorado,39.086393,-104.807666,6182.416667,5460,3493.833333,3657.166667,3745.833333,2832.666667,2258.083333,1493.833333
Baltimore City,"Baltimore City, MD",Baltimore City,Maryland,39.296536,-76.623489,4291.833333,3869.666667,2850.75,2523.666667,2895.5,3087.583333,2957,2526.166667
Lee,"Lee, FL",Lee,Florida,26.564355,-81.925065,15514,12406.66667,10413,8743.333333,8884.166667,7170.416667,8057.916667,8255.75
Kent,"Kent, MI",Kent,Michigan,42.963833,-85.482266,4099.916667,3585.916667,2678.166667,2131.166667,1821.583333,1722.416667,1326.416667,1152.833333
Polk,"Polk, FL",Polk,Florida,28.059997,-81.956122,5803,5321.333333,3813.083333,3383.5,4049.333333,3837.166667,3651.416667,3167.75
Denver,"Denver, CO",Denver,Colorado,39.726303,-104.856808,5278,4344.75,2455.583333,2016.916667,1630.25,1367.666667,1491.5,1499.666667
Ocean,"Ocean, NJ",Ocean,New Jersey,39.753858,-74.293989,9038.583333,8910.25,7777.75,5900.416667,6446.416667,6744.75,6594.083333,5767.416667
Arapahoe,"Arapahoe, CO",Arapahoe,Colorado,39.715287,-104.84748,4183.916667,3714.5,1912.833333,1627.5,1359.25,1126.916667,1207.666667,1019.25
Delaware,"Delaware, PA",Delaware,Pennsylvania,39.998811,-75.30793,3296.416667,4039.833333,3408.666667,3036.416667,2944.666667,2795.416667,2529.333333,2106
Bristol,"Bristol, MA",Bristol,Massachusetts,41.998799,-71.200894,2915.5,3099.083333,2633.166667,1973.75,2005.833333,1902,1552.833333,1290.416667
Brevard,"Brevard, FL",Brevard,Florida,28.699314,-80.895344,7719.583333,8140.583333,5696.416667,3905.5,3991.083333,3001.583333,2847.333333,2810.583333
Summit,"Summit, OH",Summit,Ohio,41.311288,-81.492511,3754.083333,4080.75,3151.5,2852.833333,2835.5,2772.083333,2435.416667,2301.583333
Anne Arundel,"Anne Arundel, MD",Anne Arundel,Maryland,38.802263,-76.645735,3455.833333,3701,2782.25,2253.583333,2753.5,2923.333333,2544.916667,2260.083333
Montgomery,"Montgomery, OH",Montgomery,Ohio,39.836157,-84.330392,3079.916667,3622.166667,3010.083333,2924.166667,2728.916667,2731.333333,2407,1731
Jefferson,"Jefferson, CO",Jefferson,Colorado,39.522014,-105.223945,3947.583333,3726.916667,2262.583333,1805,1368.5,1259.666667,1157.333333,1006.5
Washington,"Washington, OR",Washington,Oregon,45.496289,-122.800146,3195,3058.083333,1812.75,1328.083333,1480.333333,1205.166667,974.6666667,1050.833333
Lancaster,"Lancaster, PA",Lancaster,Pennsylvania,40.150963,-76.61028,2812.833333,2998.083333,2516.166667,2397.75,2183.583333,1854.583333,1510.166667,1228
Douglas,"Douglas, NE",Douglas,Nebraska,41.357015,-96.203393,3739.75,3496.666667,2727.916667,2437.166667,2172.166667,1820.833333,1549.333333,1340.416667
Utah,"Utah, UT",Utah,Utah,40.395796,-111.803101,2553.333333,2766.333333,1822.083333,1564.25,1994.666667,1355.333333,1232.25,1174.25
Kane,"Kane, IL",Kane,Illinois,42.045792,-88.539027,4436.5,4618.083333,3458.333333,2371.333333,2560.75,2718.75,2424.666667,2015.75
Ramsey,"Ramsey, MN",Ramsey,Minnesota,44.967965,-93.092168,2223.916667,2359.75,1497.416667,1127.083333,1391.083333,1362.583333,1281.583333,871.75
Passaic,"Passaic, NJ",Passaic,New Jersey,40.877949,-74.141237,2559.833333,2724,2279.333333,1958.833333,2002.416667,2149.75,2119.166667,1714.416667
Chester,"Chester, PA",Chester,Pennsylvania,40.040057,-75.488793,3521.166667,3889,3244.333333,2758.916667,2656.25,2529.333333,2323.25,2073.083333
Sedgwick,"Sedgwick, KS",Sedgwick,Kansas,37.779733,-97.636619,3301.5,3183,2658.166667,2408.166667,2183.5,1929,1776.25,1687.083333
Plymouth,"Plymouth, MA",Plymouth,Massachusetts,41.970474,-70.701357,3548.5,4008.583333,3509.583333,2687.75,2550.833333,2244.583333,1922,1661.916667
Volusia,"Volusia, FL",Volusia,Florida,29.200508,-81.406458,6373.75,7290.166667,5711.583333,4555.666667,4724.75,4217.916667,3650.583333,3221.416667
Morris,"Morris, NJ",Morris,New Jersey,40.918648,-74.430696,3815.75,3761.5,3290.916667,2702,2745.083333,2937.833333,2813.833333,2294.916667
Dane,"Dane, WI",Dane,Wisconsin,42.903829,-89.586339,3954.333333,4491.333333,3828.416667,3078.833333,2872.583333,2533.916667,2190.083333,1799.333333
Spokane,"Spokane, WA",Spokane,Washington,47.643803,-117.59205,3659.5,4123.166667,3492.416667,3206.083333,3005.333333,2830.5,2444.333333,1978.666667
Richmond,"Richmond, NY",Richmond,New York,40.623632,-74.093323,2807.75,3268,2424.666667,1694.25,1544.5,1203.333333,907.4166667,911.75
Pasco,"Pasco, FL",Pasco,Florida,28.36886,-82.322756,5922.583333,6365.083333,4464.416667,3839.333333,4469.833333,4159.75,3384.5,2785.333333
Hampden,"Hampden, MA",Hampden,Massachusetts,42.140549,-72.788661,2146.75,2374.833333,2151.166667,1864.75,1946.333333,1774.083333,1439.25,1184.166667
Montgomery,"Montgomery, TX",Montgomery,Texas,30.310041,-95.51232,5045.5,5553.666667,4432.25,3762.75,3265.416667,3747.083333,3804.333333,3892
Greenville,"Greenville, SC",Greenville,South Carolina,34.848567,-82.402871,5273.583333,4659.083333,3623.333333,3102.666667,2964.083333,2562.75,2074.916667,1937.833333
Burlington,"Burlington, NJ",Burlington,New Jersey,40.049948,-74.917061,3804.833333,4161.5,3482.25,2999,3166,3063.333333,2818.75,2641
Lucas,"Lucas, OH",Lucas,Ohio,41.645699,-83.620233,2482.833333,2524.5,2108.5,1868.75,1894,1855.416667,1840.75,1546.916667
Adams,"Adams, CO",Adams,Colorado,39.788286,-104.822765,2657.083333,2421.083333,1410.75,1153.25,786.5,740.9166667,786.6666667,685.5833333
Virginia Beach City,"Virginia Beach City, VA",Virginia Beach City,Virginia,36.844004,-76.12036,4131.166667,3736.666667,2620.083333,2413.25,2637,2661.166667,2610.333333,2480.75
Jefferson,"Jefferson, LA",Jefferson,Louisiana,29.984643,-90.161821,1717.5,1670.25,1515.333333,1417.333333,1331,1257.666667,1068,1114.75
Polk,"Polk, IA",Polk,Iowa,41.813089,-93.609929,3525.083333,3768.75,3281.833333,3045.166667,2800.416667,2422,2130.833333,1918.5
Clark,"Clark, WA",Clark,Washington,45.923556,-122.450194,3108.416667,3186.5,2142.583333,1847.083333,2088.333333,1654.666667,1282.833333,1271.916667
Seminole,"Seminole, FL",Seminole,Florida,28.666625,-81.365039,3464.5,3177,1985.583333,1522.916667,2001.166667,2120,1731,1382.083333
Williamson,"Williamson, TX",Williamson,Texas,30.807586,-97.78119,3684.25,3647.916667,2277.75,1564.75,1469.833333,1719.583333,1537.083333,1844.083333
Prince William,"Prince William, VA",Prince William,Virginia,38.734255,-77.547383,1738.5,1941.5,1362.666667,951.25,1465.666667,1697.666667,1408.5,1164.25
Dakota,"Dakota, MN",Dakota,Minnesota,44.547215,-93.153115,2274.833333,2153.083333,1184.333333,980.1666667,1218.583333,1312.666667,1215.666667,910.25
Ada,"Ada, ID",Ada,Idaho,43.735179,-116.41033,4172.666667,3247.916667,2317.416667,2249.166667,2647.583333,2512.416667,2190.333333,1784.166667
Waukesha,"Waukesha, WI",Waukesha,Wisconsin,43.062707,-88.105906,2642.166667,2816.666667,2041.833333,1757.083333,1879.833333,1565.416667,1524.833333,1306.083333
Pulaski,"Pulaski, AR",Pulaski,Arkansas,34.694468,-92.425087,2402.333333,2864.416667,2710.75,2766.75,2406.416667,2418.75,2573.666667,2348.083333
Sarasota,"Sarasota, FL",Sarasota,Florida,27.143931,-82.404959,6698.166667,6775.416667,4956.166667,4309.833333,4426.25,3855.416667,4493.666667,4543.333333
Clackamas,"Clackamas, OR",Clackamas,Oregon,45.247636,-122.468991,2738.916667,2809.25,2057.166667,1619.083333,1525.833333,1369.25,1169.666667,1121.833333
Pinal,"Pinal, AZ",Pinal,Arizona,33.393398,-111.478975,4108.416667,4049.333333,2445.333333,2514.333333,2693.833333,2437.416667,2372.25,2022.5
Orange,"Orange, NY",Orange,New York,41.386195,-74.125718,3479.416667,3353.25,3076.416667,2911.75,2970.666667,2996.333333,2534.25,2050.416667
Butler,"Butler, OH",Butler,Ohio,39.547254,-84.599698,1881.666667,1929.166667,1631.416667,1531.416667,1449.833333,1322.583333,1052.5,829.5833333
Westmoreland,"Westmoreland, PA",Westmoreland,Pennsylvania,40.361852,-79.75128,1955.583333,2246.083333,1883.5,1910.5,1930.5,1945.75,2009.583333,1791.416667
Forsyth,"Forsyth, NC",Forsyth,North Carolina,36.213266,-80.084667,3221.583333,3158.083333,2453.916667,2227.083333,2282.416667,1901.25,1764.916667,1421.25
Charleston,"Charleston, SC",Charleston,South Carolina,32.780326,-79.940844,4092.25,3798.833333,3119.75,2702.166667,2870.916667,2820.75,2562.583333,2903.833333
Lehigh,"Lehigh, PA",Lehigh,Pennsylvania,40.514472,-75.602941,2421.583333,2426.25,1954.5,1792.416667,1863.75,1700.083333,1458.916667,1126.333333
Placer,"Placer, CA",Placer,California,39.014933,-121.07047,1857.333333,2191.166667,1603,1268,1599.833333,1845.833333,1694.75,1375.833333
Orleans,"Orleans, LA",Orleans,Louisiana,29.958304,-90.077,1581.166667,1376.916667,1120.916667,952.6666667,883.5833333,962.8333333,1137.166667,1566.25
Hamilton,"Hamilton, TN",Hamilton,Tennessee,35.017572,-85.018914,3206.5,3416,2885.5,2938.666667,2841.833333,2161.5,1819.416667,1469.583333
Somerset,"Somerset, NJ",Somerset,New Jersey,40.629101,-74.532449,2379.416667,2460.333333,2320.166667,1820.416667,1812.5,1942.416667,1826.083333,1537.333333
Manatee,"Manatee, FL",Manatee,Florida,27.404731,-82.470456,5246.5,4889.916667,3577.5,2875.666667,3033.166667,2784.833333,3155.833333,3119.416667
Luzerne,"Luzerne, PA",Luzerne,Pennsylvania,40.964584,-76.008333,1157.083333,1515.5,1494,1511.583333,1744,1973.166667,1808.416667,1542.166667
Saint Louis City,"Saint Louis City, MO",Saint Louis City,Missouri,38.631501,-90.19231,2355.833333,2113.666667,1650.583333,1475.083333,1342.5,1189,1038.166667,923
Chesterfield,"Chesterfield, VA",Chesterfield,Virginia,37.454138,-77.66258,3022.75,2495.416667,1561.083333,1434.583333,1534.75,1562.416667,1464.416667,1466.416667
Brazoria,"Brazoria, TX",Brazoria,Texas,28.995948,-95.520413,2620.166667,2770,1977.5,1667.833333,1366.666667,1180.833333,1114.916667,1273
Loudoun,"Loudoun, VA",Loudoun,Virginia,39.002125,-77.442066,1622.5,1946.166667,1498.916667,1029,1626.333333,1882.5,1565.25,1254.416667
Rockland,"Rockland, NY",Rockland,New York,41.137295,-74.105737,1704,1726.166667,1608.5,1457.666667,1559.833333,1599.333333,1467.916667,1226.083333
McHenry,"McHenry, IL",McHenry,Illinois,42.324761,-88.452481,3291.583333,3420.916667,2739.666667,1952,2057.5,2193.583333,1947.25,1599.75
Henrico,"Henrico, VA",Henrico,Virginia,37.531296,-77.416103,2218.583333,1959.416667,1200,1008.916667,1042.333333,1055.083333,918.75,780.25
Lorain,"Lorain, OH",Lorain,Ohio,41.361746,-82.253828,2037.916667,2247.666667,1944.416667,1850.25,1778,1756.5,1560.25,1412
Northampton,"Northampton, PA",Northampton,Pennsylvania,40.693376,-75.471156,2086.25,2266.416667,1837.583333,1656.916667,1735.666667,1607.333333,1425.166667,1138.75
Lake,"Lake, FL",Lake,Florida,29.174011,-81.575044,3963.25,3934.416667,3179.083333,2579.166667,2798.333333,2537.916667,2213.916667,1849.166667
Galveston,"Galveston, TX",Galveston,Texas,29.403211,-95.073408,3829,4062.75,3397.75,3012.416667,2658.5,2076.333333,1913.5,2036.666667
Howard,"Howard, MD",Howard,Maryland,39.1332,-76.798843,1439,1610.833333,1111.5,802.5,1059.5,1145.583333,1063.166667,880.1666667
Douglas,"Douglas, CO",Douglas,Colorado,39.374779,-104.849988,3651.166667,3300.833333,1969.083333,1554.5,1447.083333,1206.5,1259.333333,1086.416667
Madison,"Madison, IL",Madison,Illinois,38.882109,-89.739366,2249.166667,2031.5,1826.416667,1865.75,2055.916667,1874.416667,1514.916667,1320.916667
Osceola,"Osceola, FL",Osceola,Florida,28.263489,-81.512387,3057.083333,2870.833333,1882.083333,1698.083333,2410.5,2521.75,2512.333333,2357.083333
Dauphin,"Dauphin, PA",Dauphin,Pennsylvania,40.600992,-76.811693,2238.666667,2311,1957.5,1938.833333,1835,1561.5,1361.583333,1124.416667
Ottawa,"Ottawa, MI",Ottawa,Michigan,42.979522,-85.93927,1974.916667,2078.416667,1513,1344.583333,1069.083333,979.8333333,852,738.8333333
Rutherford,"Rutherford, TN",Rutherford,Tennessee,35.695974,-86.368041,2565.416667,2838,2342.833333,2025,1708.083333,806.5833333,754.3333333,667.5833333
Clayton,"Clayton, GA",Clayton,Georgia,33.518505,-84.337523,1725,1884.166667,1061.333333,682.75,751.5,1095,1084.5,914.4166667
Marin,"Marin, CA",Marin,California,37.970948,-122.504286,1270.5,1239.666667,775.3333333,590.0833333,561,490.5833333,425.0833333,359.6666667
Harford,"Harford, MD",Harford,Maryland,39.499909,-76.231177,1589.166667,1560.25,1206.5,1058.416667,1283.75,1337.833333,1179.416667,918.9166667
Norfolk City,"Norfolk City, VA",Norfolk City,Virginia,36.895911,-76.208521,1921.75,1957.166667,1504.083333,1392.916667,1504.833333,1469.583333,1397.333333,1234.916667
Washington,"Washington, MN",Washington,Minnesota,44.90717,-92.816193,1586,1604.083333,1030.833333,829,1012.583333,1058.75,1043.25,845.0833333
Cumberland,"Cumberland, PA",Cumberland,Pennsylvania,40.21604,-76.924996,1590.416667,1690.25,1539,1511.833333,1475.25,1202.25,970.25,858.25
Saint Tammany,"Saint Tammany, LA",Saint Tammany,Louisiana,30.477483,-89.955328,2447.416667,2250.75,1838.833333,1547.166667,1448.666667,1538.666667,1362.666667,1663.166667
Frederick,"Frederick, MD",Frederick,Maryland,39.512748,-77.369299,1401.416667,1498.75,940.0833333,694.4166667,994.75,1116.75,1043.166667,975.25
York,"York, SC",York,South Carolina,34.992612,-81.178712,2212.25,2092.333333,1679.583333,1624.583333,1472.666667,931.8333333,754.9166667,728.0833333
Chesapeake City,"Chesapeake City, VA",Chesapeake City,Virginia,36.749991,-76.218759,2241,2183.333333,1802.5,1536.416667,1680.916667,1668,1644.666667,1535.166667
Clay,"Clay, MO",Clay,Missouri,39.332601,-94.274632,2291.25,2331.166667,1568.25,1354.916667,1331.666667,1292.416667,956.8333333,986.5833333
Saratoga,"Saratoga, NY",Saratoga,New York,42.934416,-73.848971,1488.666667,2069.5,2019.583333,1591.583333,1503.666667,1377.166667,1269.666667,1185.583333
Jefferson,"Jefferson, MO",Jefferson,Missouri,38.341665,-90.410219,2039.083333,2103.833333,1997.416667,1900.666667,1805.083333,1443,1268.666667,1186.666667
Lackawanna,"Lackawanna, PA",Lackawanna,Pennsylvania,41.487598,-75.533403,800.9166667,1280.666667,1205.583333,1179.416667,1383.333333,1387.5,1280.25,1043
Cherokee,"Cherokee, GA",Cherokee,Georgia,34.30116,-84.442937,3066.166667,2829,1659.583333,1177.333333,1337,1384.333333,1342.5,1235.75
Warren,"Warren, OH",Warren,Ohio,39.526049,-84.186961,1289.25,1403.25,1212.5,1096.416667,1058.75,1051.583333,944.3333333,767.5
Washington,"Washington, PA",Washington,Pennsylvania,40.341349,-80.382247,1280.5,1246.666667,932,920.0833333,901.0833333,870.6666667,1109.5,1119.833333
Arlington,"Arlington, VA",Arlington,Virginia,38.885484,-77.099113,721,759,568.1666667,387.1666667,534.5,642.5833333,584.0833333,533.3333333
Richmond City,"Richmond City, VA",Richmond City,Virginia,37.524246,-77.493157,1408.416667,1244.583333,790.25,770.6666667,750,631.9166667,508.5,410.4166667
Henry,"Henry, GA",Henry,Georgia,33.408112,-84.273764,2180.166667,1976,1130.25,760.25,921.9166667,1438.25,1374.166667,1209.666667
Union,"Union, NC",Union,North Carolina,35.115644,-80.597878,2440.083333,2281,1745.75,1413.5,1392.666667,1040.5,883.1666667,848.3333333
Yolo,"Yolo, CA",Yolo,California,38.591854,-121.537801,480.3333333,572.1666667,331.4166667,198.1666667,237.6666667,263.5833333,279.9166667,215.5
Richmond,"Richmond, GA",Richmond,Georgia,33.359709,-82.198897,1428.416667,1519.416667,1262.75,1218.583333,1182,1077.083333,952.25,685.75
Shelby,"Shelby, AL",Shelby,Alabama,33.193415,-86.794377,2120.666667,2161.916667,1458.166667,1312.833333,1235.25,1304.583333,1389.666667,1306.416667
Clay,"Clay, FL",Clay,Florida,29.9944,81.7787,2234.25,1846.833333,1171,1017.166667,1166.416667,1203.75,981.0833333,832.1666667
Saint Johns,"Saint Johns, FL",Saint Johns,Florida,29.937673,-81.420603,3906.083333,3770.416667,2684.666667,2136.75,2315,2454.916667,2565.75,2676.916667
Canyon,"Canyon, ID",Canyon,Idaho,43.630795,-116.717598,1968.166667,1535.416667,1137.5,1179.25,1400.916667,1286.583333,1032.416667,834.8333333
Butler,"Butler, PA",Butler,Pennsylvania,40.885861,-79.934048,1165.75,1113,911.4166667,848.5833333,841,838.6666667,946.0833333,873.0833333
Williamson,"Williamson, TN",Williamson,Tennessee,35.856609,-86.663307,2546.666667,2629.166667,2134.5,1843.75,1666.75,974.1666667,976.5,1063.833333
El Dorado,"El Dorado, CA",El Dorado,California,38.81419,-120.895188,1265.666667,1467.583333,1000.166667,817.6666667,947.5833333,958,838.5833333,722.8333333
Newport News City,"Newport News City, VA",Newport News City,Virginia,37.058296,-76.463471,1341.416667,1370.833333,954.4166667,828.8333333,907.5,912.1666667,901.3333333,836.75
Berkeley,"Berkeley, SC",Berkeley,South Carolina,33.192514,-80.03063,1176.666667,1157.833333,789.1666667,749.5833333,889.0833333,922.75,757.5833333,1031
Forsyth,"Forsyth, GA",Forsyth,Georgia,34.193041,-84.092588,2566.166667,2504.333333,1700.166667,1103.833333,1359.75,1579.166667,1618.083333,1519.5
Hernando,"Hernando, FL",Hernando,Florida,28.586197,-82.395858,2705.083333,2396.416667,1650.583333,1654.333333,1645.583333,1347.583333,1089.5,1023.666667
Medina,"Medina, OH",Medina,Ohio,41.206132,-81.82281,1249.083333,1411.833333,1242.666667,1077.833333,1015.333333,951.8333333,812.9166667,767
Carroll,"Carroll, MD",Carroll,Maryland,39.499102,-76.910108,923.25,990.0833333,802.5,642.6666667,809.4166667,893.3333333,798.5,631.25
Middlesex,"Middlesex, CT",Middlesex,Connecticut,41.349098,-72.41338,1446.083333,1754.75,1773.916667,1600.083333,1709.166667,1617,1331.75,1175.416667
Portage,"Portage, OH",Portage,Ohio,41.040507,-81.194614,861.1666667,979.9166667,856.6666667,777.4166667,708.3333333,691.9166667,590.5,580.4166667
Sumner,"Sumner, TN",Sumner,Tennessee,36.477191,-86.460853,1907.166667,1951.833333,1585.833333,1395.166667,1276.833333,781.6666667,675.5,576.8333333
Aiken,"Aiken, SC",Aiken,South Carolina,33.605723,-81.365813,1517.583333,1608.583333,1522.75,1621.166667,1733.5,1588.583333,1451.083333,1286.083333
Kenton,"Kenton, KY",Kenton,Kentucky,39.05906,-84.542748,1389.666667,1279.5,1070.75,997.5,869.4166667,710.3333333,559.5,470.75
Iredell,"Iredell, NC",Iredell,North Carolina,35.719228,-80.89909,1974,1880.083333,1581.583333,1573.75,1387.583333,1100.916667,975.6666667,922.1666667
Rensselaer,"Rensselaer, NY",Rensselaer,New York,42.670645,-73.55142,731.5833333,1027.166667,1069.083333,951.75,905.9166667,808.3333333,712.25,615.1666667
Sarpy,"Sarpy, NE",Sarpy,Nebraska,41.132948,-95.903956,1107.75,1021.916667,925,710.9166667,611.5833333,564.1666667,495.6666667,414
Wyandotte,"Wyandotte, KS",Wyandotte,Kansas,39.068153,-94.763938,1221.083333,954.5,642.5,504,475.6666667,453.3333333,363.75,369.0833333
Hays,"Hays, TX",Hays,Texas,30.108361,-97.989275,1244.25,1257.166667,919,731.8333333,666.0833333,623.6666667,699.5833333,834.1666667
Schenectady,"Schenectady, NY",Schenectady,New York,42.859176,-73.902117,858.4166667,1169.75,1076,1055.5,1057,918.25,806.75,668.3333333
Tolland,"Tolland, CT",Tolland,Connecticut,41.849319,-72.411777,917.9166667,1122.083333,1120.583333,1005.333333,1100.666667,1085.833333,868.75,730.4166667
Johnson,"Johnson, TX",Johnson,Texas,32.421034,-97.196279,905.8333333,943.5,712,646.8333333,567,478.5833333,348.6666667,353.75
Ellis,"Ellis, TX",Ellis,Texas,32.211518,-96.736746,1072.166667,1059.166667,909.4166667,791.1666667,746.5833333,587.6666667,442.9166667,478.25
Sussex,"Sussex, NJ",Sussex,New Jersey,41.115723,-74.593439,1909.416667,2076.333333,1883.333333,1781.083333,1799.75,1868.75,1780.333333,1599.083333
Charles,"Charles, MD",Charles,Maryland,38.603783,-76.867928,1098.25,1129.166667,820.6666667,650.75,765,843.0833333,756.9166667,665.25
Paulding,"Paulding, GA",Paulding,Georgia,33.935396,-84.866654,1623.083333,1685.25,924.8333333,493.25,655.0833333,856.1666667,797.9166667,760.3333333
Alexandria City,"Alexandria City, VA",Alexandria City,Virginia,38.823062,-77.079622,610,636.25,507.1666667,403.0833333,493.4166667,530.25,466.3333333,432.75
Rowan,"Rowan, NC",Rowan,North Carolina,35.755719,-80.681056,990.1666667,973.5833333,863.5,974,926.4166667,705,607.75,501
Hampton City,"Hampton City, VA",Hampton City,Virginia,37.072658,-76.38992,1140.333333,1171.333333,915.25,844.9166667,863.25,953.5,947.75,868.5
Douglas,"Douglas, GA",Douglas,Georgia,33.765457,-84.646946,1555,1528.083333,871.4166667,496.75,602.25,810.8333333,751.0833333,606.3333333
Washington,"Washington, WI",Washington,Wisconsin,43.382128,-88.26219,1099,1134.5,879.8333333,806.75,801.3333333,623.9166667,565.9166667,504.75
Sandoval,"Sandoval, NM",Sandoval,New Mexico,35.337752,-106.392905,1299.25,1336.166667,1040.333333,1053.25,1160.416667,1117.916667,970.5833333,736.0833333
Guadalupe,"Guadalupe, TX",Guadalupe,Texas,29.555429,-98.090085,1197.5,1329.333333,921.4166667,850.25,768,613.6666667,668.75,703.6666667
Scott,"Scott, MN",Scott,Minnesota,44.588963,-93.369473,1039.5,1062.25,568.4166667,504.5,663.6666667,649.1666667,551.4166667,443
Stafford,"Stafford, VA",Stafford,Virginia,38.417273,-77.460814,697.5,790.8333333,556.5,518.75,687.6666667,752.25,684.5833333,657.5833333
Coweta,"Coweta, GA",Coweta,Georgia,33.275619,-84.741266,1501.083333,1582.166667,926,732.6666667,786.5,878.0833333,898.0833333,805
Wood,"Wood, OH",Wood,Ohio,41.376449,-83.613714,479.9166667,513.5,417.8333333,381.25,410.5833333,465.9166667,450.9166667,366.25
Blount,"Blount, TN",Blount,Tennessee,35.815758,-83.987698,1597.25,1885.083333,1525.5,1322.583333,1262.083333,1006.833333,787.75,630.6666667
Spotsylvania,"Spotsylvania, VA",Spotsylvania,Virginia,38.271969,-77.606772,970.5833333,1062.583333,698.0833333,560,692,734.5,621.25,600.0833333
Oswego,"Oswego, NY",Oswego,New York,43.310494,-76.135765,465.8333333,532.3333333,531.4166667,522.0833333,532,646.5,629.5,545.9166667
Boone,"Boone, KY",Boone,Kentucky,39.015027,-84.773564,1099,1080.583333,913.8333333,768.75,695.1666667,616.0833333,530.75,436.5
Windham,"Windham, CT",Windham,Connecticut,41.845504,-72.091889,871.75,951.75,917.4166667,812,839.6666667,800.75,638.4166667,521.9166667
Parker,"Parker, TX",Parker,Texas,32.681918,-97.779522,1306.25,1240.416667,1020.916667,964,827.6666667,763.1666667,703.4166667,730.9166667
Canadian,"Canadian, OK",Canadian,Oklahoma,35.547575,-98.151236,1044.416667,1059.166667,734.0833333,694.3333333,657.75,687.9166667,953.25,881.75
Kendall,"Kendall, IL",Kendall,Illinois,41.698414,-88.427873,1230.166667,1354.166667,1042.166667,663.5,744.0833333,758.75,588.5,484.8333333
Faulkner,"Faulkner, AR",Faulkner,Arkansas,35.146446,-92.376466,672.3333333,719.5,768.1666667,812,760.25,658.75,656.8333333,543.6666667
Carroll,"Carroll, GA",Carroll,Georgia,33.587706,-85.123883,1213.25,887.5,615.5833333,534,516.5833333,597.3333333,472.25,392.75
Warren,"Warren, NJ",Warren,New Jersey,40.869648,-74.849661,1081.416667,1048.916667,955,800.4166667,915.8333333,946.8333333,888.5,738.4166667
Ontario,"Ontario, NY",Ontario,New York,42.813576,-77.289687,510.6666667,646.5833333,578,432.25,438,426.75,419.5,413.3333333
Fayette,"Fayette, GA",Fayette,Georgia,33.30009,-84.453196,1239.583333,1191.166667,794.0833333,569.9166667,548.75,586.6666667,507.9166667,520.75
DeKalb,"DeKalb, IL",DeKalb,Illinois,41.9295,88.7504,712.25,667.5833333,553.3333333,463.5,487.5,475.8333333,419.75,395.75
Kaufman,"Kaufman, TX",Kaufman,Texas,32.661312,-96.444347,1047.083333,977.5833333,838.9166667,780.8333333,640.0833333,495.6666667,399.1666667,509.9166667
Franklin,"Franklin, MO",Franklin,Missouri,38.416838,-91.142077,1142.333333,1126.083333,1076.333333,1070,1041.666667,863.1666667,718.1666667,538.25
Cecil,"Cecil, MD",Cecil,Maryland,39.535078,-75.894051,678.6666667,693.75,653.75,662.3333333,781.1666667,796.1666667,671.6666667,554.3333333
Bartow,"Bartow, GA",Bartow,Georgia,34.296339,-84.909216,990.5833333,961.1666667,671.4166667,435.4166667,483.5833333,577,521.9166667,497.25
Hanover,"Hanover, VA",Hanover,Virginia,37.754912,-77.480128,931.9166667,770.3333333,531.4166667,476,553,547.9166667,468.5,451.9166667
Putnam,"Putnam, NY",Putnam,New York,41.415979,-73.725197,1082,1104.083333,1018.916667,918.0833333,932.8333333,924.4166667,749.0833333,582.9166667
Cass,"Cass, MO",Cass,Missouri,38.784041,-94.532397,1163.333333,1077.333333,741.6666667,652.3333333,626.3333333,593,529.3333333,511.1666667
Yamhill,"Yamhill, OR",Yamhill,Oregon,45.121454,-123.191368,752.3333333,698.9166667,572.9166667,506.0833333,525.5,453.0833333,338.0833333,287.75
Flagler,"Flagler, FL",Flagler,Florida,29.402177,-81.33425,1693.333333,2633.25,1900.833333,1613.166667,1489.416667,1325.416667,1167.666667,1087.666667
Portsmouth City,"Portsmouth City, VA",Portsmouth City,Virginia,36.811498,-76.367715,1070.333333,1051.333333,820.25,838.4166667,766,821.25,817.8333333,749.75
Carver,"Carver, MN",Carver,Minnesota,44.723162,-93.701637,701.5833333,680.8333333,463.3333333,399.9166667,502.25,487.5833333,425.4166667,327.0833333
Platte,"Platte, MO",Platte,Missouri,39.396278,-94.725832,871.5833333,873.75,646,539.0833333,515.0833333,516.9166667,444.3333333,399.4166667
Calvert,"Calvert, MD",Calvert,Maryland,38.444727,-76.533026,833.6666667,861.5833333,707.1666667,596.5833333,649.25,698.75,577.1666667,490.25
Sherburne,"Sherburne, MN",Sherburne,Minnesota,45.451864,-93.842187,666.0833333,655.25,442.3333333,338.5,418.9166667,436.3333333,392.4166667,301.8333333
Ozaukee,"Ozaukee, WI",Ozaukee,Wisconsin,43.499631,-87.918042,603.1666667,594.9166667,502.75,436.9166667,471.6666667,382.9166667,368.6666667,319.1666667
Suffolk City,"Suffolk City, VA",Suffolk City,Virginia,36.874916,-76.553061,973.1666667,923.9166667,927.6666667,816,835.4166667,845.4166667,822.5833333,744.6666667
Walton,"Walton, GA",Walton,Georgia,33.717989,-83.801451,982.9166667,940.5833333,673,462.1666667,494.5,583.6666667,566.6666667,519.0833333
Maury,"Maury, TN",Maury,Tennessee,35.712381,-86.901661,1012.833333,1018.416667,866.6666667,749,657.25,413.25,339.75,264.4166667
Rockwall,"Rockwall, TX",Rockwall,Texas,32.886,-96.409502,1223,1202.5,893.25,759.1666667,693,562.6666667,458.1666667,486.3333333
Nassau,"Nassau, FL",Nassau,Florida,30.521109,-81.906051,1421.5,1292.75,912.9166667,708,794.9166667,725.3333333,721.8333333,601.1666667
Wagoner,"Wagoner, OK",Wagoner,Oklahoma,36.005673,-95.654486,494.8333333,566.1666667,424.4166667,375.0833333,319.3333333,301.3333333,293,312.9166667
Creek,"Creek, OK",Creek,Oklahoma,35.835606,-96.303922,311,310.4166667,310.75,278.3333333,232.5,230.25,202.1666667,182.3333333
Barrow,"Barrow, GA",Barrow,Georgia,34.019109,-83.826094,728.5833333,677.3333333,432,294.5833333,347.6666667,422,362.75,348.5833333
Walker,"Walker, GA",Walker,Georgia,34.76416,-85.353517,465.5,478.1666667,401.5,461.5,410.5833333,358.1666667,341.4166667,301.8333333
Salem,"Salem, NJ",Salem,New Jersey,39.559077,-75.350573,561.25,631.0833333,611.6666667,606.4166667,628.5833333,644.25,606.0833333,603.5833333
York,"York, VA",York,Virginia,37.235892,-76.445567,591.9166667,535,456.4166667,418.5,414.1666667,391.3333333,380.0833333,398.9166667
Livingston,"Livingston, NY",Livingston,New York,42.895631,-77.735104,178.5,268.4166667,233.9166667,141.0833333,144.25,160.6666667,182.8333333,171.6666667
Carbon,"Carbon, PA",Carbon,Pennsylvania,40.813281,-75.59202,655,925.1666667,920.3333333,856.25,848.6666667,819.1666667,792,648.5
Fauquier,"Fauquier, VA",Fauquier,Virginia,38.840456,-77.891136,385.6666667,420.5,335.25,295.3333333,381.1666667,467,416,413.0833333
Catoosa,"Catoosa, GA",Catoosa,Georgia,34.980249,-85.140798,459.9166667,507.4166667,469.9166667,489,490.6666667,363.4166667,333.75,270.8333333
Kershaw,"Kershaw, SC",Kershaw,South Carolina,34.436891,-80.532238,631.75,645.4166667,590.8333333,548.5,577.4166667,553.4166667,477.75,403.5
Tipton,"Tipton, TN",Tipton,Tennessee,35.454301,-89.809562,337.6666667,358.6666667,338.1666667,324.3333333,255.9166667,203.4166667,200.9166667,169.4166667
Franklin,"Franklin, NC",Franklin,North Carolina,35.982555,-78.208581,500.1666667,478.8333333,435.1666667,410,437.3333333,343.5833333,316.8333333,288.5
Barry,"Barry, MI",Barry,Michigan,42.697951,-85.133685,608.75,575.75,479.3333333,446.9166667,420.1666667,412.25,341.5,259.8333333
Broomfield,"Broomfield, CO",Broomfield,Colorado,39.9205,105.0867,462.3333333,472.0833333,267.3333333,216.1666667,185.6666667,141.0833333,129.1666667,140.5
Pickaway,"Pickaway, OH",Pickaway,Ohio,39.67194,-83.015457,257.75,270.6666667,281.3333333,277.25,226.5,177.25,149.9166667,112
San Benito,"San Benito, CA",San Benito,California,36.828078,-121.3924,190.8333333,194.4166667,103.3333333,65.33333333,93.08333333,86.58333333,98.08333333,93.5
Jefferson,"Jefferson, WV",Jefferson,West Virginia,39.315914,-77.877223,367.5,406.1666667,263.6666667,220.9166667,290,350.4166667,334.6666667,278.25
Saint Charles,"Saint Charles, LA",Saint Charles,Louisiana,29.841219,-90.430699,189.6666667,187,160.5833333,155.6666667,130.8333333,145.5,113.3333333,120.3333333
Hood,"Hood, TX",Hood,Texas,32.473973,-97.67747,883,800.4166667,681.25,704.6666667,740.3333333,663.25,521.5833333,397.5833333
Box Elder,"Box Elder, UT",Box Elder,Utah,41.609266,-112.124107,241,246.6666667,179.9166667,163.8333333,187.4166667,137.25,111.0833333,104.8333333
Columbia,"Columbia, OR",Columbia,Oregon,46.066499,-123.205886,354.5833333,315.3333333,247,198.5,232.4166667,209.25,152.8333333,136.5
Loudon,"Loudon, TN",Loudon,Tennessee,35.674723,-84.189652,719.25,778.8333333,679.5833333,661.5,579.9166667,492.25,484.5,368.9166667
Queen Annes,"Queen Annes, MD",Queen Annes,Maryland,39.073391,-76.060665,563.8333333,561.75,472.1666667,450.5,542,600.5,467.75,385.3333333
Stokes,"Stokes, NC",Stokes,North Carolina,36.446831,-80.220095,349,276.4166667,253.5833333,217.25,220.3333333,177.5833333,174.0833333,146.75
Culpeper,"Culpeper, VA",Culpeper,Virginia,38.511694,-77.9928,374.4166667,351.8333333,271.4166667,226.3333333,296.1666667,308.9166667,269.0833333,253.25
Warren,"Warren, IA",Warren,Iowa,41.384345,-93.424294,354.5833333,352.3333333,336.5833333,315.25,301.75,282.9166667,257.9166667,270.25
Perry,"Perry, PA",Perry,Pennsylvania,40.29736,-77.56437,199.25,256.5833333,232.9166667,225.8333333,216.8333333,168.5,140.9166667,128.5833333
Madison,"Madison, OH",Madison,Ohio,40.057901,-83.307323,216.5,210.4166667,207.3333333,171.4166667,158.9166667,153.75,132,91.66666667
Wilson,"Wilson, TX",Wilson,Texas,29.162771,-98.175887,292.1666667,246.1666667,202,190.25,195.5833333,153.4166667,179.5833333,187.4166667
Fulton,"Fulton, OH",Fulton,Ohio,41.578355,-84.25106,117.6666667,117,97.66666667,108,146,150,115.75,109.5833333
Shelby,"Shelby, KY",Shelby,Kentucky,38.274456,-85.090374,389.1666667,427.5,341,310.8333333,269,265,208.4166667,176.75
Logan,"Logan, OK",Logan,Oklahoma,35.950214,-97.291688,355.5,374.0833333,289.1666667,227.1666667,187.9166667,202.9166667,217.25,233.3333333
Davie,"Davie, NC",Davie,North Carolina,35.945381,-80.448686,326.5833333,312.5833333,266.6666667,272.9166667,290.9166667,279.5,249.3333333,231.4166667
Campbell,"Campbell, TN",Campbell,Tennessee,36.302779,-84.20298,205.75,245,244.75,259.3333333,293,271.1666667,287.75,242.6666667
Cheatham,"Cheatham, TN",Cheatham,Tennessee,36.297807,-87.083657,345.3333333,437.0833333,381.5,314,263.5833333,164.1666667,125.5833333,122
Fayette,"Fayette, TN",Fayette,Tennessee,35.292102,-89.752615,345.3333333,425,413.5833333,368.4166667,301.5,296.3333333,309.5,228.9166667
Manassas City,"Manassas City, VA",Manassas City,Virginia,38.744685,-77.487162,137.75,147.25,102.5,72.5,105.9166667,132.5833333,121.8333333,91.83333333
Warren,"Warren, VA",Warren,Virginia,38.818692,-78.275719,350.6666667,374.5833333,272.0833333,239.1666667,307.0833333,319.4166667,288.5,254.3333333
Green,"Green, WI",Green,Wisconsin,42.712827,-89.45123,325.6666667,346.4166667,306,288.75,269.25,228.25,189.75,152
Saint Bernard,"Saint Bernard, LA",Saint Bernard,Louisiana,29.956803,-89.987547,286.9166667,215.75,192.5,165.5833333,156.6666667,125.75,142.75,160.4166667
Chambers,"Chambers, TX",Chambers,Texas,29.662044,-94.592995,274.5833333,300.25,245.4166667,227.5,196,162,200.9166667,184.0833333
Pickens,"Pickens, GA",Pickens,Georgia,34.469042,-84.428243,427.3333333,481.75,486.4166667,546.3333333,561.1666667,555.0833333,499.0833333,430.4166667
Caroline,"Caroline, VA",Caroline,Virginia,38.008401,-77.260353,293.5,311.8333333,217.5,169.4166667,187.9166667,184.5,149.5833333,134.8333333
Austin,"Austin, TX",Austin,Texas,29.864772,-96.321766,235.5,208.25,180.25,150.3333333,128.5,206.75,216,258
Marion,"Marion, TN",Marion,Tennessee,35.029115,-85.517231,250.5,265.3333333,226.0833333,243.5,215.75,188.0833333,181,149.5833333
Fredericksburg City,"Fredericksburg City, VA",Fredericksburg City,Virginia,38.295135,-77.483689,130.5833333,155.0833333,111.5833333,102,131.0833333,145.0833333,108.6666667,88.83333333
Currituck,"Currituck, NC",Currituck,North Carolina,36.307995,-75.918814,505.5,583.8333333,532.1666667,482.8333333,490.5833333,496,520.75,505
Teller,"Teller, CO",Teller,Colorado,38.826084,-105.149874,516.25,472.75,380.6666667,364,374.5,273.0833333,255.4166667,198.75
Elbert,"Elbert, CO",Elbert,Colorado,39.382335,-104.084781,294.3333333,294.6666667,199.3333333,171.5833333,143.6666667,89.33333333,98.08333333,78.25
Fairfax City,"Fairfax City, VA",Fairfax City,Virginia,38.853231,-77.305097,83.08333333,84.83333333,59.83333333,46.75,68.08333333,82,73.41666667,71.83333333
Dawson,"Dawson, GA",Dawson,Georgia,34.453661,-84.155043,352.3333333,354.3333333,328.75,247.25,247.9166667,278.25,266.1666667,239.75
Goochland,"Goochland, VA",Goochland,Virginia,37.733844,-77.888082,220.9166667,177.8333333,132.8333333,145.5833333,133.5833333,148.8333333,127.75,123
New Kent,"New Kent, VA",New Kent,Virginia,37.479524,-76.949981,186.5833333,217.6666667,186.75,214.0833333,217.1666667,206.0833333,198,192.1666667
Park,"Park, CO",Park,Colorado,39.297972,-106.063548,454.5833333,629.9166667,622.75,595.0833333,475,355.3333333,328.5,258.1666667
Manassas Park City,"Manassas Park City, VA",Manassas Park City,Virginia,38.770741,-77.449443,68.75,65.5,37,24.33333333,38.66666667,54,42.66666667,30.33333333
